id,symbol,side,type,quantity,filled_quantity,entry_price,fill_price,slippage,entry_fee,exit_price,exit_fee,total_cost,total_proceeds,net_pnl,net_pnl_pct,status,created_at,filled_at,closed_at
PAPER-20260716104441-0001,ATM/USDT,BUY,MARKET,2615.52,2615.52,2.294,2.2946882,0.0006881999999999999,6.001802880864,0.0,0.0,6007.804683744864,0.0,0.0,0.0,FILLED,2026-07-16T10:44:41.249291+00:00,2026-07-16T10:44:41.249291+00:00,
PAPER-20260716104442-0002,SUN/USDT,BUY,MARKET,130434.78,130434.78,0.0184,0.018405519999999998,5.52e-06,2.4007199519855997,0.0,0.0,2403.1206719375855,0.0,0.0,0.0,FILLED,2026-07-16T10:44:42.887938+00:00,2026-07-16T10:44:42.887938+00:00,
PAPER-20260716113249-0001,ATM/USDT,SELL,MARKET,784.656,784.656,2.2946882,2.3320203839399998,0.0006998160599999999,0.0,2.3320203839399998,1.8298337863808245,0.0,1828.0039525944437,25.66,1.42,CLOSED,2026-07-16T10:44:41.249291+00:00,2026-07-16T10:44:41.249291+00:00,2026-07-16T11:32:49.347526+00:00
PAPER-20260716113249-0002,ATM/USDT,SELL,MARKET,784.656,784.656,2.2946882,2.370728977877,0.000711432123,0.0,2.370728977877,1.8602067168650551,0.0,1858.34651014819,56.01,3.11,CLOSED,2026-07-16T10:44:41.249291+00:00,2026-07-16T10:44:41.249291+00:00,2026-07-16T11:32:49.347526+00:00
PAPER-20260716113249-0003,ATM/USDT,SELL,MARKET,1046.208,1046.208,2.2946882,2.409437561817,0.000723048183,0.0,2.409437561817,2.5207728526734403,0.0,2518.252079820767,115.13,4.79,CLOSED,2026-07-16T10:44:41.249291+00:00,2026-07-16T10:44:41.249291+00:00,2026-07-16T11:32:49.347526+00:00
PAPER-20260716113250-0004,SUN/USDT,SELL,MARKET,130434.78,130434.78,0.018405519999999998,0.018196929283,5.460716999999999e-06,0.0,0.018196929283,2.3735124677036623,0.0,2371.1389552359587,-31.98,-1.33,CLOSED,2026-07-16T10:44:42.887938+00:00,2026-07-16T10:44:42.887938+00:00,2026-07-16T11:32:50.615129+00:00
PAPER-20260716132122-0003,SKY/USDT,BUY,MARKET,97244.73,97244.73,0.0617,0.06171851,1.8509999999999997e-05,6.0017998409523,0.0,0.0,6007.801640793252,0.0,0.0,0.0,FILLED,2026-07-16T13:21:22.977217+00:00,2026-07-16T13:21:22.977217+00:00,
PAPER-20260716132124-0004,SUSHI/USDT,BUY,MARKET,14302.74,14302.74,0.1678,0.16785034000000001,5.0339999999999996e-05,2.4007197719316,0.0,0.0,2403.1204917035316,0.0,0.0,0.0,FILLED,2026-07-16T13:21:24.509410+00:00,2026-07-16T13:21:24.509410+00:00,
PAPER-20260716133500-0005,ZEN/USDT,BUY,MARKET,409.5432,409.5432,4.277,4.2782831,0.0012831,1.7521417512799204,0.0,0.0,1753.8938930312002,0.0,0.0,0.0,FILLED,2026-07-16T13:35:00.197538+00:00,2026-07-16T13:35:00.197538+00:00,
PAPER-20260716140456-0001,SPK/USDT,BUY,MARKET,341530.05,0.0,0.017568,0.0,0.0,0.0,0.0,0.0,0.0,0.0,0.0,0.0,CANCELLED,2026-07-16T14:04:56.523560+00:00,,
PAPER-20260716140456-0002,HOLO/USDT,BUY,MARKET,33195.02,0.0,0.0723,0.0,0.0,0.0,0.0,0.0,0.0,0.0,0.0,0.0,CANCELLED,2026-07-16T14:04:56.524124+00:00,,
PAPER-20260716141133-0003,TOWNS/USDT,BUY,MARKET,2898550.72,0.0,0.00207,0.0,0.0,0.0,0.0,0.0,0.0,0.0,0.0,0.0,CANCELLED,2026-07-16T14:11:33.913965+00:00,,
PAPER-20260716141133-0004,BNT/USDT,BUY,MARKET,8534.85,0.0,0.2812,0.0,0.0,0.0,0.0,0.0,0.0,0.0,0.0,0.0,CANCELLED,2026-07-16T14:11:33.914144+00:00,,
PAPER-20260716141756-0005,TOWNS/USDT,BUY,MARKET,2870813.4,0.0,0.00209,0.0,0.0,0.0,0.0,0.0,0.0,0.0,0.0,0.0,CANCELLED,2026-07-16T14:17:56.264887+00:00,,
PAPER-20260716141756-0006,MSFTB/USDT,BUY,MARKET,6.0816,0.0,394.63,0.0,0.0,0.0,0.0,0.0,0.0,0.0,0.0,0.0,CANCELLED,2026-07-16T14:17:56.265082+00:00,,
PAPER-20260716142450-0007,TOWNS/USDT,BUY,MARKET,2857142.86,0.0,0.0021,0.0,0.0,0.0,0.0,0.0,0.0,0.0,0.0,0.0,CANCELLED,2026-07-16T14:24:50.675185+00:00,,
PAPER-20260716142450-0008,PROM/USDT,BUY,MARKET,1843.32,0.0,1.302,0.0,0.0,0.0,0.0,0.0,0.0,0.0,0.0,0.0,CANCELLED,2026-07-16T14:24:50.675401+00:00,,
PAPER-20260716143659-0009,TOWNS/USDT,BUY,MARKET,2884615.38,0.0,0.00208,0.0,0.0,0.0,0.0,0.0,0.0,0.0,0.0,0.0,CANCELLED,2026-07-16T14:36:59.568691+00:00,,
PAPER-20260716143659-0010,PROM/USDT,BUY,MARKET,1837.67,0.0,1.306,0.0,0.0,0.0,0.0,0.0,0.0,0.0,0.0,0.0,CANCELLED,2026-07-16T14:36:59.569056+00:00,,
PAPER-20260716144318-0011,TOWNS/USDT,BUY,MARKET,2884615.38,0.0,0.00208,0.0,0.0,0.0,0.0,0.0,0.0,0.0,0.0,0.0,CANCELLED,2026-07-16T14:43:18.101682+00:00,,
PAPER-20260716144318-0012,ALLO/USDT,BUY,MARKET,6082.11,0.0,0.3946,0.0,0.0,0.0,0.0,0.0,0.0,0.0,0.0,0.0,CANCELLED,2026-07-16T14:43:18.102518+00:00,,
PAPER-20260716144927-0013,TOWNS/USDT,BUY,MARKET,2884615.38,0.0,0.00208,0.0,0.0,0.0,0.0,0.0,0.0,0.0,0.0,0.0,CANCELLED,2026-07-16T14:49:27.152681+00:00,,
PAPER-20260716144927-0014,ALLO/USDT,BUY,MARKET,6109.98,0.0,0.3928,0.0,0.0,0.0,0.0,0.0,0.0,0.0,0.0,0.0,CANCELLED,2026-07-16T14:49:27.153145+00:00,,
PAPER-20260716145531-0015,TOWNS/USDT,BUY,MARKET,2870813.4,0.0,0.00209,0.0,0.0,0.0,0.0,0.0,0.0,0.0,0.0,0.0,CANCELLED,2026-07-16T14:55:31.362641+00:00,,
PAPER-20260716145531-0016,PROM/USDT,BUY,MARKET,1846.15,0.0,1.3,0.0,0.0,0.0,0.0,0.0,0.0,0.0,0.0,0.0,CANCELLED,2026-07-16T14:55:31.363246+00:00,,
PAPER-20260716150137-0017,TOWNS/USDT,BUY,MARKET,2857142.86,0.0,0.0021,0.0,0.0,0.0,0.0,0.0,0.0,0.0,0.0,0.0,CANCELLED,2026-07-16T15:01:37.178256+00:00,,
PAPER-20260716150137-0018,SPK/USDT,BUY,MARKET,136557.61,0.0,0.017575,0.0,0.0,0.0,0.0,0.0,0.0,0.0,0.0,0.0,CANCELLED,2026-07-16T15:01:37.179176+00:00,,
PAPER-20260716150749-0019,CHR/USDT,BUY,MARKET,401337.79,0.0,0.01495,0.0,0.0,0.0,0.0,0.0,0.0,0.0,0.0,0.0,CANCELLED,2026-07-16T15:07:49.732645+00:00,,
PAPER-20260716150749-0020,ATM/USDT,BUY,MARKET,843.2888,0.0,2.846,0.0,0.0,0.0,0.0,0.0,0.0,0.0,0.0,0.0,CANCELLED,2026-07-16T15:07:49.732979+00:00,,
PAPER-20260716151418-0021,CHR/USDT,BUY,MARKET,402414.49,0.0,0.01491,0.0,0.0,0.0,0.0,0.0,0.0,0.0,0.0,0.0,CANCELLED,2026-07-16T15:14:18.354894+00:00,,
PAPER-20260716151418-0022,AGLD/USDT,BUY,MARKET,14176.02,0.0,0.1693,0.0,0.0,0.0,0.0,0.0,0.0,0.0,0.0,0.0,CANCELLED,2026-07-16T15:14:18.355827+00:00,,
PAPER-20260716152104-0023,CHR/USDT,BUY,MARKET,401337.79,0.0,0.01495,0.0,0.0,0.0,0.0,0.0,0.0,0.0,0.0,0.0,CANCELLED,2026-07-16T15:21:04.634073+00:00,,
PAPER-20260716152104-0024,ATM/USDT,BUY,MARKET,842.1053,0.0,2.85,0.0,0.0,0.0,0.0,0.0,0.0,0.0,0.0,0.0,CANCELLED,2026-07-16T15:21:04.634441+00:00,,
PAPER-20260716152742-0025,CHR/USDT,BUY,MARKET,399733.51,0.0,0.01501,0.0,0.0,0.0,0.0,0.0,0.0,0.0,0.0,0.0,CANCELLED,2026-07-16T15:27:42.785416+00:00,,
PAPER-20260716152742-0026,TOWNS/USDT,BUY,MARKET,1148325.36,0.0,0.00209,0.0,0.0,0.0,0.0,0.0,0.0,0.0,0.0,0.0,CANCELLED,2026-07-16T15:27:42.785568+00:00,,
PAPER-20260716153410-0027,CHR/USDT,BUY,MARKET,399201.6,0.0,0.01503,0.0,0.0,0.0,0.0,0.0,0.0,0.0,0.0,0.0,CANCELLED,2026-07-16T15:34:10.786983+00:00,,
PAPER-20260716153410-0028,TOWNS/USDT,BUY,MARKET,1148325.36,0.0,0.00209,0.0,0.0,0.0,0.0,0.0,0.0,0.0,0.0,0.0,CANCELLED,2026-07-16T15:34:10.787309+00:00,,
PAPER-20260716154038-0029,TOWNS/USDT,BUY,MARKET,2857142.86,0.0,0.0021,0.0,0.0,0.0,0.0,0.0,0.0,0.0,0.0,0.0,CANCELLED,2026-07-16T15:40:38.407047+00:00,,
PAPER-20260716154038-0030,CHR/USDT,BUY,MARKET,159680.64,0.0,0.01503,0.0,0.0,0.0,0.0,0.0,0.0,0.0,0.0,0.0,CANCELLED,2026-07-16T15:40:38.407275+00:00,,
PAPER-20260716160910-0001,TOWNS/USDT,BUY,MARKET,2857142.86,0.0,0.0021,0.0,0.0,0.0,0.0,0.0,0.0,0.0,0.0,0.0,CANCELLED,2026-07-16T16:09:10.424630+00:00,,
PAPER-20260716160910-0002,CHR/USDT,BUY,MARKET,159680.64,0.0,0.01503,0.0,0.0,0.0,0.0,0.0,0.0,0.0,0.0,0.0,CANCELLED,2026-07-16T16:09:10.424857+00:00,,
PAPER-20260716160910-0003,SKY/USDT,SELL,MARKET,29173.418999999998,29173.418999999998,0.06171851,0.0,0.0,0.0,0.0,0.0,0.0,0.0,-1802.34,-100.0,CLOSED,2026-07-16T13:21:22.977217+00:00,2026-07-16T13:21:22.977217+00:00,2026-07-16T16:09:10.425019+00:00
PAPER-20260716160910-0004,SKY/USDT,SELL,MARKET,29173.418999999998,29173.418999999998,0.06171851,0.0,0.0,0.0,0.0,0.0,0.0,0.0,-1802.34,-100.0,CLOSED,2026-07-16T13:21:22.977217+00:00,2026-07-16T13:21:22.977217+00:00,2026-07-16T16:09:10.425019+00:00
PAPER-20260716160910-0005,SKY/USDT,SELL,MARKET,38897.892,38897.892,0.06171851,0.0,0.0,0.0,0.0,0.0,0.0,0.0,-2403.12,-100.0,CLOSED,2026-07-16T13:21:22.977217+00:00,2026-07-16T13:21:22.977217+00:00,2026-07-16T16:09:10.425019+00:00
PAPER-20260716160910-0006,SKY/USDT,SELL,MARKET,7.275957614183426e-12,7.275957614183426e-12,0.06171851,0.061699994447,1.8515552999999997e-05,0.0,0.061699994447,4.489265443917247e-16,0.0,4.48477617847333e-13,-0.0,-0.23,CLOSED,2026-07-16T13:21:22.977217+00:00,2026-07-16T13:21:22.977217+00:00,2026-07-16T16:09:10.425019+00:00
PAPER-20260716160911-0007,SUSHI/USDT,SELL,MARKET,4290.822,4290.822,0.16785034000000001,0.0,0.0,0.0,0.0,0.0,0.0,0.0,-720.94,-100.0,CLOSED,2026-07-16T13:21:24.509410+00:00,2026-07-16T13:21:24.509410+00:00,2026-07-16T16:09:11.646714+00:00
PAPER-20260716160911-0008,SUSHI/USDT,SELL,MARKET,4290.822,4290.822,0.16785034000000001,0.0,0.0,0.0,0.0,0.0,0.0,0.0,-720.94,-100.0,CLOSED,2026-07-16T13:21:24.509410+00:00,2026-07-16T13:21:24.509410+00:00,2026-07-16T16:09:11.646714+00:00
PAPER-20260716160911-0009,SUSHI/USDT,SELL,MARKET,5721.096,5721.096,0.16785034000000001,0.0,0.0,0.0,0.0,0.0,0.0,0.0,-961.25,-100.0,CLOSED,2026-07-16T13:21:24.509410+00:00,2026-07-16T13:21:24.509410+00:00,2026-07-16T16:09:11.646714+00:00
PAPER-20260716160912-0010,ZEN/USDT,SELL,MARKET,122.86296,122.86296,4.2782831,0.0,0.0,0.0,0.0,0.0,0.0,0.0,-526.17,-100.0,CLOSED,2026-07-16T13:35:00.197538+00:00,2026-07-16T13:35:00.197538+00:00,2026-07-16T16:09:12.757129+00:00
PAPER-20260716160912-0011,ZEN/USDT,SELL,MARKET,122.86296,122.86296,4.2782831,0.0,0.0,0.0,0.0,0.0,0.0,0.0,-526.17,-100.0,CLOSED,2026-07-16T13:35:00.197538+00:00,2026-07-16T13:35:00.197538+00:00,2026-07-16T16:09:12.757129+00:00
PAPER-20260716160912-0012,ZEN/USDT,SELL,MARKET,163.81728,163.81728,4.2782831,0.0,0.0,0.0,0.0,0.0,0.0,0.0,-701.56,-100.0,CLOSED,2026-07-16T13:35:00.197538+00:00,2026-07-16T13:35:00.197538+00:00,2026-07-16T16:09:12.757129+00:00
PAPER-20260716160912-0013,ZEN/USDT,SELL,MARKET,2.842170943040401e-14,2.842170943040401e-14,4.2782831,4.2897127,0.0012873,0.0,4.2897127,1.2192096789931384e-16,0.0,1.217990469314145e-13,0.0,0.07,CLOSED,2026-07-16T13:35:00.197538+00:00,2026-07-16T13:35:00.197538+00:00,2026-07-16T16:09:12.757129+00:00
PAPER-20260716161248-0001,TOWNS/USDT,BUY,MARKET,2857142.86,0.0,0.0021,0.0,0.0,0.0,0.0,0.0,0.0,0.0,0.0,0.0,CANCELLED,2026-07-16T16:12:48.776082+00:00,,
PAPER-20260716161248-0002,CHR/USDT,BUY,MARKET,159680.64,0.0,0.01503,0.0,0.0,0.0,0.0,0.0,0.0,0.0,0.0,0.0,CANCELLED,2026-07-16T16:12:48.776449+00:00,,
